-- phpMyAdmin SQL Dump
-- version 5.2.1
-- https://www.phpmyadmin.net/
--
-- Host: localhost
-- Creato il: Feb 13, 2024 alle 09:33
-- Versione del server: 10.4.28-MariaDB
-- Versione PHP: 8.2.4

SET SQL_MODE = "NO_AUTO_VALUE_ON_ZERO";
START TRANSACTION;
SET time_zone = "+00:00";


/*!40101 SET @OLD_CHARACTER_SET_CLIENT=@@CHARACTER_SET_CLIENT */;
/*!40101 SET @OLD_CHARACTER_SET_RESULTS=@@CHARACTER_SET_RESULTS */;
/*!40101 SET @OLD_COLLATION_CONNECTION=@@COLLATION_CONNECTION */;
/*!40101 SET NAMES utf8mb4 */;

--
-- Database: `baglioni`
--

-- --------------------------------------------------------

--
-- Struttura della tabella `album`
--

CREATE TABLE `album` (
  `id` int(11) NOT NULL,
  `titolo` varchar(50) NOT NULL,
  `anno` year(4) NOT NULL,
  `prezzo` double(10,2) NOT NULL,
  `copertina` longtext DEFAULT NULL,
  `quantita` int(11) NOT NULL,
  `tipologia` varchar(10) NOT NULL,
  `descrizione` text NOT NULL
) ENGINE=InnoDB DEFAULT CHARSET=utf8mb4 COLLATE=utf8mb4_general_ci;

--
-- Dump dei dati per la tabella `album`
--

INSERT INTO `album` (`id`, `titolo`, `anno`, `prezzo`, `copertina`, `quantita`, `tipologia`, `descrizione`) VALUES
(1, 'In questa storia che è la mia', '2020', 29.99, NULL, 93, 'CD', 'In questa storia che è la mia è il diciassettesimo album in studio del cantautore italiano Claudio Baglioni, pubblicato il 4 dicembre 2020.\r\nA distanza di sette anni dal precedente lavoro di inediti, l\'opera, come ha dichiarato lo stesso cantautore, è la sua autobiografia fatta in musica per lasciare un segno; un album realizzato con uno stile anni settanta e suonato in maniera tradizionale con sonorità acustiche ed elettriche con pochissimi riferimenti elettronici e digitali, come i suoi primi dischi, quasi a chiudere un cerchio che si ritrova al punto di partenza. '),
(2, 'Capitani Coraggiosi - Il Live', '2016', 24.99, NULL, 0, 'CD', 'Capitani coraggiosi - Il live è un doppio album dal vivo dei cantanti italiani Claudio Baglioni e Gianni Morandi, pubblicato il 5 febbraio 2016 dalla Sony Music.\r\nLe registrazioni sono tratte dalla serie di 10 concerti realizzati al Centrale del Foro Italico a Roma dai due cantanti nel mese di settembre 2015.\r\nDel disco esiste anche una versione deluxe, con un terzo disco contenente prove in studio e brani non realizzati dal vivo, e una versione in vinile con cinque dischi.'),
(3, 'Con Voi', '2013', 19.99, NULL, 83, 'CD', 'ConVoi è il sedicesimo album in studio del cantautore italiano Claudio Baglioni, pubblicato il 22 ottobre 2013 dalla Sony Music.\r\nConVoi è il primo disco di inediti del cantante dopo Sono io - L\'uomo della storia accanto, pubblicato nel 2003, e raccoglie gli undici singoli appartenenti all\'omonimo progetto lanciato da Baglioni il 5 maggio 2013 (data di pubblicazione della title track Con voi) e pubblicati con cadenza bisettimanale attraverso l\'iTunes Store fino al 1º ottobre, data di pubblicazione dei singoli Gli anni della gioventù e Come un eterno addio. A questi singoli si aggiungono anche il brano Una storia vera (pubblicato come singolo nello stesso giorno di pubblicazione dell\'album) e tre interludi, intitolati semplicemente Introduzione, Intermezzo e Finale.'),
(4, 'Un Piccolo Natale In più', '2012', 22.99, NULL, 27, 'CD', 'Un piccolo Natale in più è un album di Claudio Baglioni pubblicato nel 2012. L\'autore rivisita 26 tra i più famosi ed importanti brani a tema natalizio, da White Christmas a O Tannenbaum, da We wish you a merry Christmas a Tu scendi dalle stelle. L\'album è ambientato negli anni cinquanta come si può evincere dalle melodie dolci e dall\'orchestrazione. L\'album esce il 20 novembre 2012, preceduto, il 16 dello stesso mese, dal singolo \"Un piccolo Natale in più (Have yourself a Merry little Christmas)\". Esce a circa un anno di distanza dal precedente lavoro discografico di Claudio Baglioni. In un\'intervista l\'autore dichiara che le canzoni natalizie lo affascinano fin da bambino. Gli adattamenti in italiano sono a cura di Claudio Baglioni per Bag Music. Gli arrangiamenti sono a cura di Geoff Westley, già collaboratore di Baglioni nei primi anni ottanta per l\'album Strada facendo e il singolo Avrai.'),
(5, 'Strada facendo - 30° Anniversario', '2011', 27.99, NULL, 79, 'CD', 'Strada facendo è il nono album in studio del cantautore italiano Claudio Baglioni, pubblicato nel 1981.\r\nIl disco è stato registrato in Inghilterra, prodotto e arrangiato da Geoff Westley. Nel libretto viene inoltre recato come sottotitolo canzoni e una piccola storia che continua.\r\nI brani intitolati con i numeri rappresentano degli intermezzi acustici, chitarra e voce, registrati in mono. Il terzo di questi ha una sola strofa, le altre ne hanno due. Tutti insieme sono conosciuti con il titolo \'51 Montesacro, a partire dal successivo album dal vivo, Alé-oó. Un quinto intermezzo, dal titolo Una casa nuova, è stato pubblicato l\'anno seguente nel singolo Avrai/5. (Una casa nuova)/Avrai (versione strumentale).\r\nNel 2011 in occasione del trentesimo anniversario dell\'uscita dell\'album l\'artista ha pubblicato un cofanetto in edizione speciale composto da 3 dischi con registrazioni dal vivo e inediti.\r\nIl 17 e il 18 settembre 2022 furono realizzati due concerti speciali alla Reggia di Caserta in occasione del Festival Un’Estate da Re, in cui, con l’orchestra filarmonica di Salerno diretta da Goeff Westley, venne eseguito per la prima volta in chiave sinfonica tutto l’album in ordine di tracce.'),
(6, 'Per il mondo. World Tour', '2010', 26.99, NULL, 10, 'CD', 'Per il mondo. World Tour 2010 è un doppio album live di Claudio Baglioni pubblicato nel 2010, contenente il pezzo inedito Per il mondo.\r\nIl concerto si è tenuto alla Royal Albert Hall di Londra e fa parte del tour Un Solo Mondo - One World Tour.\r\nIl disco debutta alla quinta posizione della classifica FIMI.'),
(7, 'Q.P.G.A.', '2009', 21.99, NULL, 9, 'CD', 'Q.P.G.A. è un doppio album di Claudio Baglioni, pubblicato il 27 novembre 2009.\r\n\r\nIl lavoro contiene le rivisitazioni dei 15 brani del concept album Questo piccolo grande amore, con l\'aggiunta di altri 37 brani inediti; alcuni di essi nascono sulla base melodica dei precedenti, implementando così le vicende della storia snodata attraverso le canzoni, il tutto nell\'ottica di un\'opera rock nella quale le melodie ricorrevano in più tracce. Q.P.G.A. è infatti l\'acronimo di Questo piccolo grande amore. In quel 1972, Baglioni aveva pensato di pubblicare un doppio album, la cui proposta fu però ridimensionata dalla casa discografica in un solo disco dalla durata di circa 50 minuti. Al materiale rimasto fin da allora nel cassetto si aggiungono ora delle sezioni inedite con arrangiamenti modernizzati. '),
(8, 'Buon viaggio della vita', '2007', 18.99, NULL, 100, 'CD', 'Buon viaggio della vita (Anteprima tour Tutti qui), anche conosciuto semplicemente come Buon viaggio della vita, è un triplo album dal vivo di Claudio Baglioni pubblicato nel 2007.\r\n\r\nSi presenta come una raccolta di pezzi della data zero del tour Tutti qui e che contiene in più l\'omonimo pezzo inedito ed altre esecuzioni riarrangiate per l\'occasione, eseguita davanti ad un pubblico di 500 persone, in uno studio di registrazione, la cui ubicazione e nome non sono inclusi nei credits inseriti nel booklet del CD. Che non si tratti di un vero e proprio concerto (come per l\'album live con Gianni Morandi, Capitani coraggiosi - Il live) lo si intuisce dall\'ascolto dei brani, dove anche gli applausi del pubblico sono ricostruiti e dove sono assenti gli immancabili cori degli spettatori che sono soliti accompagnare Baglioni nelle esecuzioni live.'),
(9, 'Quelli degli altri tutti qui', '2006', 23.99, NULL, 68, 'CD', 'Quelli degli altri tutti qui (2006) è un album in studio di Claudio Baglioni in cui il cantautore si fa interprete e ripropone con nuovi arrangiamenti (a volte anche modificando i testi originali) brani degli anni sessanta.'),
(10, 'Gli altri tutti qui', '2006', 20.99, NULL, 29, 'CD', 'Gli altri tutti qui - Seconda collezione dal 1967 al 2006 (conosciuto anche come Gli altri tutti qui) è un album raccolta di Claudio Baglioni pubblicata in Italia nel 2006.\r\nLa raccolta è composta da 3 CD, in cui sono contenuti 44 brani già noti e quattro inediti: Va, inno dei XX Giochi olimpici invernali di Torino 2006, Se la ragazza che avevi, Amore amore un corno, Una storia normale, registrate negli anni sessanta.\r\nL\'album esce il 31 marzo 2006 sull\'onda del successo di Tutti qui che aveva venduto più di 300.000 copie. Curiosamente, questa raccolta e la precedente, si troveranno contemporaneamente nella classifica FIMI.'),
(11, 'Tutti qui - Collezione dal 1967 al 2005', '2005', 25.99, NULL, 0, 'CD', 'Tutti qui - Collezione dal 1967 al 2005 (conosciuto anche come Tutti qui) è una raccolta di Claudio Baglioni pubblicata nel 2005. Organizzazione e coordinamento di Pierfrancesco Fiorenza.\r\nLa raccolta è composta da tre CD, in cui sono contenute 40 fra le canzoni più celebri del cantautore romano, più quattro pezzi inediti: il singolo Tutti qui, inciso appositamente per la raccolta, Annabel Lee, La suggestione e Ci fosse lei, registrate lungo gli anni sessanta.'),
(12, 'Crescendo e cercando', '2004', 28.99, NULL, 10, 'CD', 'Crescendo e cercando è un album live di Claudio Baglioni pubblicato nel 2005, con una selezione di brani registrati durante l\'omonima tournée.'),
(13, 'Sono io, l\'uomo della storia accanto', '2003', 30.99, NULL, 10, 'CD', 'Sono io - L\'uomo della storia accanto è un album di Claudio Baglioni, pubblicato nel 2003.\r\nIl concept del disco è l\'amore in ogni sua sfaccettatura. Secondo quanto dichiarato dall\'artista, i testi sono meno criptici ed è un album molto più umano rispetto ai precedenti. L\'album, nel periodo di riferimento 2003/2004, ottenne un buon successo di vendite, ma comunque, parecchio inferiore rispetto agli standard degli album precedenti (in parte causato, anche dalla già esistente crisi di vendite dei dischi) . L\'album vendette, (trainato dai singoli, Sono io, Tutto in un abbraccio e Mai più come te) circa 300.000 copie. L\'intero Album vinse il Premio Lunezia 2003 per le qualità musical-letterarie.'),
(14, 'Incanto', '2001', 29.99, NULL, 10, 'CD', 'InCanto tra pianoforte e voce è il settimo album dal vivo del cantautore italiano Claudio Baglioni, pubblicato nel 2001 dalla Cosa edizioni Srl e dalla Pick-Up Produzioni.\r\nAcquistabile inizialmente attraverso lo store on line del cantautore nel corso del 2001,  il disco documenta la sua omonima e fortunata tournée nei teatri, dove si è esibito con il solo ausilio del pianoforte. Il titolo spezza l\'abitudine (non si sa se fosse stata voluta) dei precedenti album dal vivo (compresa la raccolta A-Live), di intitolarli con la A iniziale.'),
(15, 'Acustico', '2000', 26.99, NULL, 10, 'CD', 'Acustico 13.8-22.9.2000 Sogno di una notte di note, pubblicato nel 2000, è un album di Claudio Baglioni registrato dal vivo, dove le sue canzoni vengono riarrangiate in acustico. Il disco, e dunque anche il tour, presentava uno stile ottocentesco infatti il palco nei concerti era spesso in legno e il sottotitolo del concerto cita l\'opera di William Shakespeare, Sogno di una notte di mezza estate.\r\nLa copertina rappresenta un foglio giallo stropicciato recante il titolo dell\'album; all\'interno ci sono i due CD e un booklet con le foto fatte durante il tour.'),
(16, 'Viaggiatore sulla coda del tempo', '1999', 22.99, NULL, 10, 'CD', 'Viaggiatore sulla coda del tempo, pubblicato nel 1999, è un album di Claudio Baglioni che conclude la trilogia del tempo dove Oltre rappresenta il passato, Io sono qui il presente e Viaggiatore sulla coda del tempo il futuro.\r\nL\'album ha venduto oltre 600.000 copie solamente nel primo mese.'),
(17, 'A-live', '1998', 21.99, NULL, 10, 'CD', 'A-Live è un\'antologia live di Claudio Baglioni pubblicato nel 1998. Nell’album sono presenti alcuni brani degli ultimi album live del cantautore; Alé-oó, Assolo, Assieme, AncorAssieme, Attori e Spettatori e infine le ultime date negli stadi dal tour Da me a te.'),
(18, 'Da me a te', '1998', 24.99, NULL, 9, 'CD', 'Da me a te è un album di Claudio Baglioni pubblicato il 5 giugno 1998 per la CBS.\r\nNel 1998 la FIGC, commissionò al cantautore un inno per il centenario, Da me a te, che fu presentato a Parma in occasione dell\'amichevole Italia-Paraguay.\r\nNell\'album è presente l\'omonima canzone e i vari remix del brano.'),
(19, 'Anime in gioco', '1997', 23.99, NULL, 10, 'CD', 'Anime in gioco è il primo album cover di Claudio Baglioni, pubblicato nel 1997 dalla Columbia.\r\nIl titolo prende spunto dalla trasmissione televisiva Anima mia, trasmessa su Rai 2 e condotta da Fabio Fazio, nella quale Baglioni era ospite fisso ed ha eseguito tutte le canzoni presenti nel disco, insieme ad altre non pubblicate.\r\nL\'album rappresenta un\'autentica rottura con la precedente discografia del cantautore romano. Non solo prima di allora non aveva inciso nessuna cover, ma in questo album sono presenti numerose canzoni del genere più corrivo, quasi tutte degli anni settanta, che erano l\'argomento principale della trasmissione, perlopiù molto lontane dallo stile proprio di Baglioni, per il quale l\'artista aveva conquistato il vasto pubblico. La squadra di musicisti che lo accompagna è pressoché immutata, mantenendo dunque il suono dei suoi ultimi lavori.'),
(20, 'Io sono qui', '1995', 20.99, NULL, 10, 'CD', 'Io sono qui (sottotitolato Tra le ultime parole d\'addio e quando va la musica) è un album di Claudio Baglioni, pubblicato il 28 settembre 1995, secondo capitolo della trilogia del tempo dell\'artista, dove Oltre rappresenta il passato, Io sono qui il presente e Viaggiatore sulla coda del tempo il futuro.\r\nSe infatti Oltre è un disco di domande e un viaggio magico verso l\'origine, questo album è di presenza e di realtà, come suggerisce lo stesso titolo. Il tema del disco gioca intorno al dualismo attori e spettatori, dove tutti siamo protagonisti della nostra vita e della vita degli altri. Il disco è strutturato come se fosse un film con un inizio, una fine, l’intermezzo e poi primo, secondo, terzo e quarto tempo che anticipano le canzoni successive descrivendole come scene cinematografiche.\r\nL\'album rimase per 4 settimane al primo posto della Classifica FIMI Album, vendendo oltre 400.000 copie in due settimane e ottenendo così 4 dischi di platino.'),
(21, 'Ancorassieme', '1992', 18.99, NULL, 10, 'CD', 'ancorAssieme è un album di Claudio Baglioni pubblicato nel 1992, che, aggiungendosi ad Assieme, completa la raccolta delle canzoni suonate dal vivo nel tour seguito alla pubblicazione di Oltre.'),
(22, 'Assieme', '1992', 19.99, NULL, 10, 'CD', 'Assieme è un album di Claudio Baglioni pubblicato nel 1992, che raccoglie le canzoni più importanti registrate durante il tour Oltre il concerto seguito alla pubblicazione di Oltre. Il disco viene registrato, per la prima volta in Italia, con il nuovo sistema olofonico digitale Roland Space Sound che permette una percezione del suono molto simile a quella attuale.\r\nIl tour, dal quale è tratto l’album, dura da gennaio a maggio del 1992 con il nome di Oltre il concerto, a luglio dello stesso anno esce l’album, dove il nome del tour diventa il sottotitolo e come titolo originale viene scelto Assieme in contrapposizione al precedente album live Assolo.'),
(23, 'Oltre', '1990', 25.99, NULL, 100, 'CD', 'Oltre è un concept album che segue la storia e l\'evoluzione di Cucaio, nome ispirato dal modo in cui Baglioni pronunciava il suo nome da bambino. Riguardo al personaggio, l\'autore disse: «Cucaio è la parte magica del disco, di questo cielo mago che non è qualcosa di impalpabile, ma è terreno.'),
(24, 'Assolo', '1986', 26.99, NULL, 10, 'Vinile', 'Assolo è un album dal vivo del cantautore italiano Claudio Baglioni, pubblicato nel 1986 dalla CBS Italiana. Registrato nel 1986 nelle tappe di Milano, il primo luglio allo stadio Giuseppe Meazza con oltre 110.00 spettatori e a Genova allo stadio Luigi Ferraris dal solo Baglioni con pianoforte, tastiera, chitarra, sequencer e con l\'uso del MIDI.\r\nIl disco presenta il brano inedito Il sogno è sempre che Baglioni registrò da solo con il solo pianoforte in mezzo allo stadio alla fine dell’ultimo concerto della tournée, in assenza di pubblico.\r\nAssolo nasce come una autoanalisi allo specchio.Dopo una serie di successi pop folgoranti, Claudio si chiede se tali successi siano effettivamente tali. Prende allora una vecchia chitarra da una casa affittata in montagna e comincia a ripararla a suo modo, la customizza come in fondo facevano i bluesmen, e si mette a suonare tutte le canzoni nude e crude.'),
(25, 'La vita è adesso', '1985', 28.99, NULL, 10, 'Vinile', 'La vita è adesso (Il sogno è sempre) è un album di Claudio Baglioni pubblicato nel 1985. Con più di 4 milioni di copie vendute è tuttora il disco più venduto del cantautore e anche l’album più venduto di tutti i tempi in Italia. Rimase per 27 settimane consecutive primo in classifica e 1 anno e mezzo in classifica.\r\nLa vita è adesso consacrò una volta per tutte Baglioni, che con il nuovo stile diventò l’idolo di ragazze e ragazzi di quel tempo. Tutte le riviste erano a caccia di Claudio per averlo in copertina. Il tour negli stadi che lanciò dopo questo album, Notti di note, riuscì a superare il precedente Alé-oó come numero di spettatori, oltre 1.500.000.\r\nL\'album tratta di una tipica giornata ordinaria iniziando dal risveglio mattutino e concludendo con la notte, i testi delle canzoni vennero scritti da Baglioni in una terrazza di un bar in centro a Roma, infatti inizialmente l\'album si doveva chiamare Un bar sulla città, poi optò per il gioco di parole La vita è adesso, il sogno è sempre.'),
(26, 'Strada facendo', '1981', 29.99, NULL, 10, 'Vinile', 'Strada facendo è il nono album in studio del cantautore italiano Claudio Baglioni, pubblicato nel 1981.\r\n\r\nIl disco è stato registrato in Inghilterra, prodotto e arrangiato da Geoff Westley. Nel libretto viene inoltre recato come sottotitolo canzoni e una piccola storia che continua.'),
(27, 'E tu come stai', '1978', 27.99, NULL, 10, 'Vinile', 'E tu come stai? è un album di Claudio Baglioni pubblicato nel 1978, l\'ottavo della sua carriera, il primo con la CBS. Infatti successivamente all\'accordo con la nuova casa discografica Baglioni si mise subito al lavoro e realizzò un album che attraverso le canzoni racconta varie storie d\'amore. L’album, e in particolare la canzone principale, ebbero un grandissimo successo, dopo il quale il cantante si ritirò per un po\' di tempo dalle scene.'),
(28, 'Solo', '1977', 22.99, NULL, 10, 'Vinile', 'Solo è un album di Claudio Baglioni pubblicato nel 1977, il settimo della sua carriera.\r\nSolo è il primo album del quale Baglioni realizzò testi, musica e produzione interamente da solo, fatta eccezione per il brano Gesù caro fratello il cui testo in dialetto romanesco è di Franco Fabiano Tosi – con lo pseudonimo Oremus – e che musicalmente costituisce l\'ultimo frutto del sodalizio artistico fra Baglioni e Antonio Coggio, iniziato nel 1970 con il debutto discografico del cantautore romano.\r\nFilo conduttore dell\'intero disco è, come da titolo, il tema della solitudine.\r\nCome disse in un\'intervista lo stesso Baglioni l\'album Solo è il primo in cui si assume totalmente la paternità non solo delle sue canzoni ma anche del suo cammino, decide di sbagliare andando avanti senza una direzione anche al rischio di deragliare da qualche altra parte, è infatti un primo momento in cui va a sfumare una certa adolescenza musicale, un disco introspettivo sulla solitudine.'),
(29, 'Sabato pomeriggio', '1975', 23.99, NULL, 10, 'Vinile', 'Sabato pomeriggio è il sesto album di Claudio Baglioni, pubblicato nel 1975 dalla RCA Italiana. \r\nFilo conduttore del disco è il tema dell\'attesa, sia essa di persone o di eventi che cambino la vita o la storia; in tal senso, Il titolo dell\'album si ispira alla poesia Il sabato del villaggio di Giacomo Leopardi e l\'intero disco, a parte la title track posta simbolicamente alla fine, si apre e si chiude rispettivamente con i brani: Aspettare... e ...Ed aspettare.'),
(30, 'E Tu...', '1974', 20.99, NULL, 10, 'Vinile', 'E tu... è il quinto album di Claudio Baglioni, pubblicato nel 1974. L\'album fu arrangiato da Vangelis Papathanassiou, ex tastierista degli Aphrodite\'s Child, che Baglioni incontrò a Parigi.\r\nQuesto album non ha un filo conduttore o una storia che unisce i vari brani, come i due precedenti album, ma accomuna le canzoni da un punto di vista personale; infatti tutti i brani rappresentano una parte di vita del cantautore, e da un punto di vista prettamente musicale; infatti tutti i brani sono caratterizzati da uno stile indie-rock, genere nato in Inghilterra tipico dei gruppi indipendenti che utilizzavano basi musicali elettroniche e rock, non a caso gli arrangiamenti sono di Vangelis, tastierista del gruppo Aphrodite\'s Child che sperimentava questo stile musicale, che porta il cantautore ad approcciare anche il folk rock ed il rock progressivo.'),
(31, 'Gira che ti rigira amore bello', '1973', 19.99, NULL, 51, 'Vinile', 'Gira che ti rigira amore bello è un concept album di Claudio Baglioni pubblicato nel 1973. L\'album segue lo straordinario successo di Questo piccolo grande amore, e il ventiduenne Baglioni si trova a superare la “sindrome dell’opera seconda” portando a compimento un nuovo concept album di successo.\r\nLa storia è un concept album, che vede Baglioni immerso in un viaggio, sia fisico che di ricordi; tra amori perduti e amori mai avuti. Compagna di viaggio del protagonista è la sua fidata auto Camilla, una Citroën 2Cv di colore giallo. Il giovane dopo molte avventure di vita darà fuoco alla sua automobile per simboleggiare la fine della sua adolescenza.'),
(32, 'Questo piccolo grande amore', '1972', 24.99, NULL, 58, 'Vinile', 'Questo piccolo grande amore è il terzo album di Claudio Baglioni pubblicato nel 1972, un concept album che parla di una storia d’amore. \r\nRegistrato dal 27 agosto al 30 settembre del 1972 (come riportato sul retro di copertina) e pubblicato il mese successivo, Questo piccolo grande amore è un concept-album su una storia d\'amore.'),
(33, 'Un Cantastorie dei giorni nostri', '1971', 25.99, NULL, 10, 'Vinile', 'Un cantastorie dei giorni nostri è il secondo album in studio di Claudio Baglioni, pubblicato nel 1971 dalla RCA Italiana.\r\n\r\nOriginariamente stampato in poche copie, fu ristampato varie volte in seguito al successo del brano Questo piccolo grande amore.\r\nVenne pubblicato la prima volta in seguito al successo del cantautore romano durante la trasmissione Speciale 3.000.000.\r\n\r\nIl disco contiene alcune canzoni che Baglioni aveva presentato nel corso della trasmissione, come Io, una ragazza e la gente e ...E ci sei tu (uscite all\'interno di un doppio singolo), assieme ad altri inediti. Comprende una mezza dozzina di brani ripresi dal precedente album. Successivamente al successo del brano Questo piccolo grande amore, vennero stampate altre copie del disco.'),
(34, 'Claudio Baglioni', '1970', 28.99, NULL, 47, 'Vinile', 'Claudio Baglioni è il primo album dell\'omonimo cantautore italiano, pubblicato in Italia nel settembre 1970 dalla RCA; fu ritirato dal mercato pochi mesi dopo la pubblicazione per lo scarso successo.');

-- --------------------------------------------------------

--
-- Struttura della tabella `cliente`
--

CREATE TABLE `cliente` (
  `id` int(11) NOT NULL,
  `nome` varchar(50) NOT NULL,
  `cognome` varchar(50) NOT NULL,
  `email` varchar(50) NOT NULL,
  `username` varchar(50) NOT NULL,
  `password` varchar(50) NOT NULL,
  `data_di_nascita` date NOT NULL,
  `numero_di_telefono` varchar(20) DEFAULT NULL,
  `nazione` varchar(50) NOT NULL,
  `provincia` varchar(2) NOT NULL,
  `indirizzo` varchar(50) NOT NULL,
  `civico` varchar(10) NOT NULL,
  `cap` varchar(5) NOT NULL,
  `citta` varchar(20) NOT NULL
) ENGINE=InnoDB DEFAULT CHARSET=utf8mb4 COLLATE=utf8mb4_general_ci;

--
-- Dump dei dati per la tabella `cliente`
--

INSERT INTO `cliente` (`id`, `nome`, `cognome`, `email`, `username`, `password`, `data_di_nascita`, `numero_di_telefono`, `nazione`, `provincia`, `indirizzo`, `civico`, `cap`, `citta`) VALUES
(1, 'Alessandra', 'Agnelli', 'aleagnelli92@gmail.com', 'AleAgne92', 'Ale123', '1992-06-17', '', 'Italia', 'VA', 'Via Pascolino', '31', '21020', 'Bardello'),
(2, 'Ionela', 'Miron', 'im.ionela@icloud.com', 'Nela', 'Nelabau98!', '1998-05-15', NULL, 'Italia', 'RM', 'Via Tamburrano', '31', '00155', 'Roma'),
(3, 'Francesca', 'Aloi', 'francescaaloi@gmail.com', 'Franni', '12345', '1992-07-01', NULL, 'Italia', 'EN', 'Via Fontanelle', '21', '94015', 'Enna'),
(4, 'Alessandra', 'Agnelli', 'ale@agnelli.com', 'Ale123', '', '1992-11-11', '1234567890', 'marte', 'fa', 'Via Giovanni Pascoli', '31', '12345', 'wow'),
(5, 'Alessandra', 'Agnelli', 'ale@agnelli.com', 'AleAgne92', '123', '1992-12-12', '', 'marte', 'va', 'Via Giovanni Pascoli', '31', '12345', 'wow'),
(6, 'Alessandra', 'Agnelli', 'ale@agnelli.com', 'AleAgne92', '123', '1993-02-18', '', 'marte', 'va', 'Via Pascolino', '24', '12345', 'wow'),
(7, 'Alessandra', 'Agnelli', 'ale@agnelli.com', 'Alessandra', 'aaaaa', '1992-03-12', '', 'marte', 'fe', 'Via Giovanni Pascoli', '25', '23456', 'wow'),
(8, 'Ale', 'Agnelli', 'ale@agnelli.com', 'Ale', '123', '1511-12-12', '', 'marte', 'ae', 'Via Pascolino', '23', '12345', 'wow'),
(9, 'Ale', 'Agnelli', 'ale@agnelli.com', 'Ale', '123', '1994-12-12', '', 'marte', 'fa', 'Via Pascolino', '36', '12345', 'wow'),
(10, 'Alessandra', 'Agnelli', 'ale@agnelli.com', 'AleAgne92', '123', '1992-12-12', '', 'marte', 'fa', 'Via Pascolino', '48', '23456', 'wow'),
(11, 'Ale', 'Agne', 'ale@agnelli.com', 'Ale', '123', '1992-04-14', '', 'venere', 'va', 'via dei codici', '01', '12345', 'sole');

-- --------------------------------------------------------

--
-- Struttura della tabella `dettaglio`
--

CREATE TABLE `dettaglio` (
  `id` int(11) NOT NULL,
  `brano` varchar(150) DEFAULT NULL,
  `durata` varchar(10) DEFAULT NULL,
  `fk_id_album` int(11) DEFAULT NULL
) ENGINE=InnoDB DEFAULT CHARSET=utf8mb4 COLLATE=utf8mb4_general_ci;

--
-- Dump dei dati per la tabella `dettaglio`
--

INSERT INTO `dettaglio` (`id`, `brano`, `durata`, `fk_id_album`) VALUES
(1, 'Capostoria', '1:07', 1),
(2, 'Altrove e qui', '4:30', 1),
(3, 'Non so com\'è cominciata', '1:00', 1),
(4, 'Gli anni più belli', '4:30', 1),
(5, 'Quello che sarà di noi', '5:16', 1),
(6, 'In un mondo nuovo', '5:08', 1),
(7, 'Al pianoforte ogni giorno', '1:00', 1),
(8, 'Come ti dirò', '5:32', 1),
(9, 'Uno e due', '4:28', 1),
(10, 'Mentre il fiume va', '6:07', 1),
(11, 'E firmo in fede un contratto', '1:00', 1),
(12, 'Pioggia blu', '5:44', 1),
(13, 'Mal d\'amore', '5:06', 1),
(14, 'Reo confesso', '4:48', 1),
(15, 'Adesso è strano pensare', '1:00', 1),
(16, 'Io non sono lì', '4:40', 1),
(17, 'Lei lei lei lei', '4:36', 1),
(18, 'Dodici note', '5:19', 1),
(19, 'Uomo di varie età', '5:27', 1),
(20, 'Finestoria', '1:26', 1),
(21, 'Gli anni più belli (Acoustic)', '4:19', 1),
(22, 'Mal d\'amore (Acoustic)', '4:31', 1),
(23, 'Io non sono lì (Acoustic)', '4:40', 1),
(24, 'Dodici note (Acoustic)', '4:54', 1),
(25, 'Capitani coraggiosi', '4:10', 2),
(26, 'Io sono qui', '5:10', 2),
(27, 'Scende la pioggia', '3:25', 2),
(28, 'E tu come stai?', '3:46', 2),
(29, 'Se perdo anche te', '3:16', 2),
(30, 'Grazie perché', '4:00', 2),
(31, 'Con tutto l\'amore che posso', '4:43', 2),
(32, 'E adesso la pubblicità', '4:40', 2),
(33, 'Banane e lampone', '3:24', 2),
(34, 'Canzoni stonate', '2:07', 2),
(35, 'Sabato pomeriggio', '4:11', 2),
(36, 'Se non avessi più te', '2:52', 2),
(37, 'Io me ne andrei', '4:57', 2),
(38, 'Canzoniere', '9:58', 2),
(39, 'Questo piccolo grande amore', '5:15', 2),
(40, 'Con voi', '4:33', 2),
(41, 'Vita', '3:44', 2),
(42, 'Strada facendo', '5:28', 2),
(43, 'C\'era un ragazzo che come me amava i Beatles e i Rolling Stones', '4:06', 2),
(44, 'Occhi di ragazza', '3:00', 2),
(45, 'Dagli il via', '5:57', 2),
(46, 'Varietà', '4:13', 2),
(47, 'Poster', '5:10', 2),
(48, 'In amore', '4:01', 2),
(49, 'Solo insieme saremo felici', '2:26', 2),
(50, 'Un mondo d\'amore', '3:08', 2),
(51, 'Noi no', '4:54', 2),
(52, 'Non son degno di te', '3:29', 2),
(53, 'Avrai', '5:27', 2),
(54, 'E tu', '4:44', 2),
(55, 'Bella signora', '3:34', 2),
(56, 'Via', '5:39', 2),
(57, 'Mille giorni di te e di me', '5:06', 2),
(58, 'Uno su mille', '3:56', 2),
(59, 'La vita è adesso', '6:06', 2),
(60, 'Capitani coraggiosi (strumentale)', '2:39', 2),
(61, 'Introduzione', '1:16', 3),
(62, 'Con voi', '5:59', 3),
(63, 'Dieci dita', '5:54', 3),
(64, 'E noi due là', '6:05', 3),
(65, 'In un\'altra vita', '6:32', 3),
(66, 'Come un eterno addio', '5:23', 3),
(67, 'E chi ci ammazza', '5:46', 3),
(68, 'Intermezzo', '1:15', 3),
(69, 'In cammino', '6:38', 3),
(70, 'Una storia vera', '6:14', 3),
(71, 'Gli anni della gioventù', '5:59', 3),
(72, 'Va tutto bene', '5:22', 3),
(73, 'L\'ultima cosa che farò', '5:04', 3),
(74, 'Isole del sud', '5:20', 3),
(75, 'Finale', '1:52', 3),
(76, 'Un piccolo Natale in più (Have Yourself a Merry Little Christmas)', '3:45', 4),
(77, 'Veni veni Emmanuel', '2:30', 4),
(78, 'Gabriel\'s Message (Birjina gaztetto bat zegoen)', '4:15', 4),
(79, 'Ave Maria di Gounod', '4:45', 4),
(80, 'Il paese bianco di magia (Winter Wonderland)', '2:55', 4),
(81, 'Stille nacht', '3:20', 4),
(82, 'Hark! The Herald Angels Sing', '3:50', 4),
(83, 'Jingle Bells', '2:10', 4),
(84, 'Tu scendi dalle stelle (E in dulci jubilo)', '3:00', 4),
(85, 'Navidad nuestra', '4:30', 4),
(86, 'Adeste fideles', '4:20', 4),
(87, 'Tre re (The Three Kings)', '3:15', 4),
(88, 'Ave Maria di Schubert', '4:10', 4),
(89, 'Cantique de Noel', '3:40', 4),
(90, 'Away in a Manger', '2:45', 4),
(91, 'Viene giù (Let It Snow Let It Snow Let It Snow)', '3:55', 4),
(92, 'Rocking Carol', '3:25', 4),
(93, 'In quel mezzo inverno (In Thee Bleak Mid-Winter)', '4:45', 4),
(94, 'Oh Little Town of Bethlehem', '3:15', 4),
(95, 'Che bimbo è lui? (What Child Is This?)', '3:30', 4),
(96, 'Coventry Carol', '4:00', 4),
(97, 'The Christmas Song', '4:50', 4),
(98, 'O Tannenbaum', '2:40', 4),
(99, 'Santa Claus Is Coming to Town', '3:05', 4),
(100, 'We Wish You a Merry Christmas', '2:20', 4),
(101, 'White Christmas', '4:50', 4),
(102, 'Uno', '1:41', 5),
(103, 'Via', '5:13', 5),
(104, 'I Vecchi', '5:45', 5),
(105, 'Due', '1:33', 5),
(106, 'Notti', '4:19', 5),
(107, 'Ragazze Dell\'Est', '5:26', 5),
(108, 'Strada Facendo', '5:36', 5),
(109, 'Tre', '0:57', 5),
(110, 'Fotografie', '7:48', 5),
(111, 'Ora Che Ho Te', '4:36', 5),
(112, 'Quattro', '1:45', 5),
(113, 'Buona Fortuna', '4:06', 5),
(114, '\'51 Montesacro', '5:34', 5),
(115, 'Via (live 2003)', '7:13', 5),
(116, 'I Vecchi (Assolo Live Version - edit)', '5:48', 5),
(117, 'Notti (Ale\'- O O\' Live Version - edit)', '3:35', 5),
(118, 'Ragazze Dell\'est (Sogno Live Version)', '5:21', 5),
(119, 'Strada Facendo (Assieme Live Version)', '5:59', 5),
(120, 'Fotografie (Attori E Spettatori Live Version)', '5:46', 5),
(121, 'Ora Che Ho Te (live da Tour Incanto)', '3:37', 5),
(122, 'Buona Fortuna (live 2007)', '3:49', 5),
(123, 'Via (live da Raduno Clab Firenze)', '5:56', 5),
(124, 'I Vecchi (live da Raduno Clab Stadio del Tennis Roma)', '4:50', 5),
(125, 'Notti (Live Cercando Tour)', '4:29', 5),
(126, 'Ragazze Dell\'Est (live da Tour Incanto)', '4:37', 5),
(127, 'Strada Facendo (live da Raduno Clab Firenze)', '5:48', 5),
(128, 'Fotografie (live tratto da \'Solo Chitarre\')', '5:11', 5),
(129, 'Ora Che Ho Te (live da Raduno Clab Stadio della Pallacorda Roma)', '3:04', 5),
(130, 'Buona Fortuna (live da Tour Incanto)', '3:31', 5),
(131, 'Avrai', '5:20', 5),
(132, 'Intermezzo N. 5', '1:38', 5),
(133, 'Avrai (instrumental)', '4:27', 5),
(134, 'Per il mondo', '4:40', 6),
(135, 'Intro', '2:27', 6),
(136, 'Avrai - live', '5:28', 6),
(137, 'E tu come stai - live', '4:08', 6),
(138, 'Noi no - live', '5:28', 6),
(139, 'Mai più come te - live', '5:57', 6),
(140, 'Poster - live', '5:24', 6),
(141, 'Io me ne andrei - live', '5:50', 6),
(142, 'Con tutto l\'amore che posso - live', '5:23', 6),
(143, 'Amore bello - live', '5:52', 6),
(144, 'Quante volte - live', '5:53', 6),
(145, 'Sono io - live', '5:47', 6),
(146, 'Niente più - live', '4:30', 6),
(147, 'Io sono qui - live', '6:10', 6),
(148, 'E tu - live', '6:03', 6),
(149, 'Un po\' di più - live', '4:12', 6),
(150, 'Cuore di aliante - live', '5:46', 6),
(151, 'E adesso la pubblicità - live', '5:29', 6),
(152, 'Sabato pomeriggio - live', '5:39', 6),
(153, 'Quanto ti voglio - live', '3:53', 6),
(154, 'Mille giorni di te e di me - live', '6:19', 6),
(155, 'Porta portese - live', '4:17', 6),
(156, 'Questo piccolo grande amore - live', '5:45', 6),
(157, 'Strada facendo - live', '6:02', 6),
(158, 'Via - live', '5:55', 6),
(159, 'La vita è adesso - live', '6:01', 6),
(160, 'Coda', '2:12', 6),
(161, 'Per il mondo - acoustic', '4:47', 6),
(162, 'Overture (con Andrea Bocelli)', '3:16', 7),
(163, 'Lungo il viaggio (con Enrico Ruggeri, Eugenio Finardi, Francesco Renga)', '4:00', 7),
(164, 'Piazza del Popolo (con Alex Britti alla chitarra)', '1:29', 7),
(165, 'Una faccia pulita (con Irene Grandi)', '3:02', 7),
(166, 'L\'incontro (con Riccardo Cocciante)', '0:56', 7),
(167, 'Nuvole e sogni (con Simone Cristicchi, Michele Zarrillo)', '4:45', 7),
(168, 'Due universi (con Gigi D\'Alessio, Anna Tatangelo)', '3:59', 7),
(169, 'Se guardi su (con Baraonna e Pino Daniele alla chitarra)', '4:11', 7),
(170, 'Centocelle (con Danilo Rea al piano)', '1:39', 7),
(171, 'Svelto o lento (con Elio e le Storie Tese)', '1:45', 7),
(172, 'Buon compleanno (con Renzo Arbore, Morgan)', '4:06', 7),
(173, 'L\'appuntamento (con Giorgia)', '0:58', 7),
(174, 'Battibecco (con Paola Cortellesi)', '5:07', 7),
(175, 'Con tutto l\'amore che posso (con Laura Pausini e Stefano Di Battista al sax)', '4:55', 7),
(176, 'Lungotevere (con Rita Marcotulli al piano)', '1:30', 7),
(177, 'Juke-box (con Mario Biondi)', '0:39', 7),
(178, 'Che begli amici (con Pooh)', '3:46', 7),
(179, 'Tortadinonna o gonnacorta (con Neri per Caso, Fabrizio Frizzi, Loredana Bertè, Ivana Spagna)', '4:05', 7),
(180, 'L\'ultimo sogno (con Premiata Forneria Marconi)', '1:09', 7),
(181, 'Mia libertà (con Lucio Fabbri al violino, Ron, Luca Barbarossa, Amedeo Minghi)', '4:14', 7),
(182, 'Cosa non si fa (con Roy Paci alla tromba, Nek alla chitarra)', '3:55', 7),
(183, 'Fiumicino (con Giovanni Allevi al piano)', '1:48', 7),
(184, 'Il riparo (con Antonello Venditti)', '1:03', 7),
(185, 'La paura e la voglia (con Giovanni Baglioni alla chitarra)', '1:02', 7),
(186, 'La prima volta (con Claudia Gerini)', '3:47', 7),
(187, 'Un solo mondo (con Alessandra Amoroso)', '5:09', 7),
(188, 'Tutti qui', '4:00', 8),
(189, 'Strada facendo', '3:30', 8),
(190, 'Noi no', '5:15', 8),
(191, 'Avrai', '3:02', 8),
(192, 'Medley Jè Jè (Porta Portese, A modo mio, Signora Lia, W l\'Inghilterra, Notti, Serenata in Sol)', '4:20', 8),
(193, 'Mai più come te', '4:25', 8),
(194, 'Amori in corso', '3:55', 8),
(195, 'Poster', '4:15', 8),
(196, 'Medley Atmo (Con tutto l\'amore che posso, Io dal mare, Ragazze dell\'Est, Quei due, Domani mai, Acqua dalla luna)', '5:10', 8),
(197, 'Quante volte', '3:40', 8),
(198, 'Sono io', '4:30', 8),
(199, 'Buona fortuna', '4:18', 8),
(200, 'Medley Folk (Ragazza di campagna, I vecchi, Un po\' di più, Fotografie, Vivi, Le vie dei colori)', '5:25', 8),
(201, 'Cuore d\'aliante', '4:45', 8),
(202, 'E adesso la pubblicità', '4:00', 8),
(203, 'Notte di note, note di notte', '5:50', 8),
(204, 'Medley Rock (Dagli il via, Un nuovo giorno un giorno nuovo, Io me ne andrei, Quanto ti voglio, Bolero, Grand\'uomo)', '6:15', 8),
(205, 'Via', '4:10', 8),
(206, 'Medley Song (Questo piccolo grande amore, Amore bello, E tu, Sabato pomeriggio, Solo, E tu come stai)', '5:30', 8),
(207, 'Io sono qui', '4:48', 8),
(208, 'Mille giorni di te e di me', '5:55', 8),
(209, 'La vita è adesso', '4:20', 8),
(210, '51 Montesacro', '4:35', 8),
(211, 'Acqua nell\'acqua', '3:25', 8),
(212, 'Fammi andar via', '3:10', 8),
(213, 'Dov\'è dov\'è', '3:58', 8),
(214, 'Tutto in un abbraccio', '4:12', 8),
(215, 'Naso di falco', '3:45', 8),
(216, 'Fratello sole, sorella luna', '4:00', 8),
(217, 'Cinque minuti e poi', '4:08', 8),
(218, 'Signora dalle ore scure', '3:20', 8),
(219, 'Pace', '4:15', 8),
(220, 'Tienimi con te', '3:30', 8),
(221, 'Doremifasol', '2:55', 8),
(222, 'Cinque minuti e poi (Herbert Pagani, Arturo Prestipino, Guido Lamorgese)', '4:20', 9),
(223, 'Io che amo solo te (Sergio Endrigo)', '3:45', 9),
(224, 'Una lacrima sul viso (Mogol, Roberto Satti)', '2:55', 9),
(225, 'Insieme a te non ci sto più (Paolo Conte, Michele Virano, Vito Pallavicini)', '4:10', 9),
(226, 'Non arrossire (Maria Monti, Giorgio Gaber)', '3:30', 9),
(227, 'Che cosa c\'è (Gino Paoli)', '3:15', 9),
(228, 'Arrivederci (Giorgio Calabrese, Umberto Bindi)', '4:30', 9),
(229, 'Fortissimo (Antonio Amurri, Bruno Canfora)', '3:25', 9),
(230, 'Cento giorni (Mogol, Piero Soffici)', '4:05', 9),
(231, 'Il mio mondo (Umberto Bindi)', '3:18', 9),
(232, 'C\'era un ragazzo che come me amava i Beatles e i Rolling Stones (Franco Migliacci, Mauro Lusini)', '4:15', 9),
(233, 'Un giorno dopo l\'altro (Luigi Tenco)', '3:50', 9),
(234, 'Vengo anch\'io. No, tu no (Enzo Jannacci, Dario Fo, Fiorenzo Fiorentini)', '4:35', 9),
(235, 'L\'ultima occasione (Jimmy Fontana, Tony Del Monaco, Ruggero Cini)', '4:10', 9),
(236, 'Il nostro concerto (Giorgio Calabrese, Umberto Bindi) Versione moderna', '4:40', 9),
(237, 'Se non avessi più te (Franco Migliacci, Bruno Zambrini, Luis Bacalov)', '4:20', 9),
(238, 'Il mondo (Gianni Boncompagni, Jimmy Fontana, Carlo Pes)', '3:58', 9),
(239, 'Amore che vieni, amore che vai (Fabrizio De André)', '4:12', 9),
(240, 'Io che non vivo (Pino Donaggio)', '3:30', 9),
(241, 'Le strade di notte (Giorgio Gaber)', '4:02', 9),
(242, 'Canzone per te (Sergio Bardotti, Sergio Endrigo)', '3:45', 9),
(243, 'Emozioni (Lucio Battisti, Mogol)', '4:00', 9),
(244, 'Lontano, lontano (Luigi Tenco)', '3:55', 9),
(245, 'Senza fine (Gino Paoli)', '3:48', 9),
(246, 'La canzone dell\'amore perduto (Fabrizio De André, Georg Philipp Telemann)', '5:00', 9),
(247, 'Nel blu dipinto di blu (Domenico Modugno, Franco Migliacci)', '4:28', 9),
(248, 'Vedrai vedrai (Luigi Tenco)', '3:40', 9),
(249, 'Se telefonando (Ennio Morricone, Maurizio Costanzo, Ghigo De Chiara)', '4:15', 9),
(250, 'Una miniera (Vittorio De Scalzi, Nico Di Palo e Giorgio D\'Adamo)', '4:38', 9),
(251, 'Il nostro concerto (Giorgio Calabrese, Umberto Bindi), versione sinfonica', '5:12', 9),
(252, 'Se la ragazza che avevi', '2:33', 10),
(253, 'Amore amore un corno', '4:03', 10),
(254, 'Una storia normale', '4:11', 10),
(255, 'Una favola blu', '2:59', 10),
(256, 'Io una ragazza e la gente', '3:25', 10),
(257, 'Cincinnato', '3:44', 10),
(258, 'Fratello sole sorella luna', '2:57', 10),
(259, 'Una faccia pulita', '3:17', 10),
(260, 'Mia libertà', '3:41', 10),
(261, 'Ragazza di campagna', '5:18', 10),
(262, 'A modo mio', '3:50', 10),
(263, 'Il mattino si è svegliato', '3:30', 10),
(264, 'Chissà se mi pensi', '3:54', 10),
(265, 'Doremifasol', '3:05', 10),
(266, 'Lampada Osram', '4:30', 10),
(267, 'Gagarin', '5:27', 10),
(268, 'Nel sole, nel sale, nel sud', '5:21', 10),
(269, 'Puoi?', '3:27', 10),
(270, 'Ancora la pioggia cadrà', '6:08', 10),
(271, 'Giorni di neve', '3:16', 10),
(272, 'Ti amo ancora', '4:00', 10),
(273, 'Ragazze dell\'est', '5:30', 10),
(274, 'Notti', '4:20', 10),
(275, 'Ora che ho te', '4:35', 10),
(276, 'Uomini persi', '5:13', 10),
(277, 'Tutto il calcio minuto per minuto', '7:18', 10),
(278, 'Un nuovo giorno o un giorno nuovo', '4:26', 10),
(279, 'Notte di note, note di notte', '6:16', 10),
(280, 'Il sogno è sempre', '5:06', 10),
(281, 'Domani mai', '5:09', 10),
(282, 'Vivi', '4:21', 10),
(283, 'Acqua dalla Luna', '4:31', 10),
(284, 'Signora delle ore oscure', '4:50', 10),
(285, 'Tamburi lontani', '5:49', 10),
(286, 'Le vie dei colori', '6:10', 10),
(287, 'Reginella regine', '5:49', 10),
(288, 'Titoli di coda', '6:00', 10),
(289, 'Anima mia', '5:14', 10),
(290, 'Il nostro concerto', '6:04', 10),
(291, 'Arrivederci o addio', '4:51', 10),
(292, 'Un mondo a forma di te', '6:00', 10),
(293, 'A domani', '3:59', 10),
(294, 'Grand\'uomo', '6:04', 10),
(295, 'Di là dal ponte', '6:09', 10),
(296, 'Serenata in sol', '4:54', 10),
(297, 'Quei due', '5:52', 10),
(298, 'Crescendo e cercando', '4:09', 10),
(299, 'Va (Inno delle Olimpiadi di Torino 2006)', '3:04', 10),
(300, 'Annabel Lee', '3:38', 11),
(301, 'La suggestione', '3:18', 11),
(302, 'Ci fosse lei', '4:08', 11),
(303, 'Signora Lia', '3:02', 11),
(304, 'Notte di Natale', '2:57', 11),
(305, 'Con tutto l\'amore che posso', '3:34', 11),
(306, 'Porta Portese', '4:00', 11),
(307, 'Questo piccolo grande amore', '5:38', 11),
(308, 'Quanto ti voglio', '5:38', 11),
(309, 'W l\'Inghilterra', '3:36', 11),
(310, 'Amore bello', '5:50', 11),
(311, 'Io me ne andrei', '5:08', 11),
(312, 'E tu', '4:46', 11),
(313, 'Poster', '5:11', 11),
(314, 'Sabato pomeriggio', '5:36', 11),
(315, 'Quante volte (Baglioni)', '5:28', 11),
(316, 'Solo (Baglioni)', '5:03', 11),
(317, 'E tu come stai? (Baglioni)', '5:34', 11),
(318, 'Un po\' di più (Baglioni)', '4:32', 11),
(319, 'Via (Baglioni)', '5:15', 11),
(320, 'Strada facendo (Baglioni)', '5:36', 11),
(321, 'Buona fortuna', '4:01', 11),
(322, 'Fotografie', '3:34', 11),
(323, 'I vecchi (Baglioni)', '5:40', 11),
(324, 'Avrai (Baglioni)', '5:21', 11),
(325, 'La vita è adesso (Baglioni)', '5:25', 11),
(326, 'E adesso la pubblicità (Baglioni)', '4:55', 11),
(327, 'Amori in corso (Baglioni)', '5:32', 11),
(328, 'Dagli il via (Baglioni)', '5:49', 11),
(329, 'Io dal mare (Baglioni)', '5:28', 11),
(330, 'Noi no (Baglioni)', '5:16', 11),
(331, 'Mille giorni di te e di me (Baglioni)', '5:39', 11),
(332, 'Io sono qui (Baglioni)', '5:15', 11),
(333, 'Acqua nell\'acqua (Baglioni)', '5:15', 11),
(334, 'Bolero (Baglioni)', '5:54', 11),
(335, 'Fammi andar via (Baglioni)', '7:00', 11),
(336, 'Da me a te (Baglioni)', '5:56', 11),
(337, 'Cuore di aliante (Baglioni)', '5:24', 11),
(338, 'Stai su (Baglioni)', '4:44', 11),
(339, 'Sono io (Baglioni)', '5:45', 11),
(340, 'Mai più come te (Baglioni)', '5:55', 11),
(341, 'Tutto in un abbraccio (Baglioni)', '5:16', 11),
(342, 'Tienimi con te (Baglioni)', '5:48', 11),
(343, 'Tutti qui (Baglioni)', '4:55', 11),
(344, 'Classifiche(Baglioni)', '3:40', 11),
(345, 'Crescendo e cercando', '4:15', 12),
(346, 'Io sono qui', '3:45', 12),
(347, 'Tienimi con te', '4:30', 12),
(348, 'Fotografie', '3:20', 12),
(349, 'Di là dal ponte', '5:10', 12),
(350, 'Ragazze dell\'est', '4:45', 12),
(351, 'Un nuovo giorno o un giorno nuovo', '3:55', 12),
(352, 'Mai più come te', '4:25', 12),
(353, 'Avrai', '5:05', 12),
(354, 'Grand\'uomo', '4:50', 12),
(355, 'Tutto in un abbraccio', '5:30', 12),
(356, 'Strada facendo', '5:15', 12),
(357, 'E tu', '4:40', 12),
(358, 'La vita è adesso', '5:20', 12),
(359, 'Disco 2', 'N/A', 12),
(360, 'Sono io', '4:55', 12),
(361, 'Chi c\'è in ascolto', '4:10', 12),
(362, 'Amori in corso', '5:00', 12),
(363, 'Signora delle ore scure', '3:30', 12),
(364, 'Quante volte', '5:25', 12),
(365, 'Male di me', '4:15', 12),
(366, 'Ancora la pioggia cadrà', '3:40', 12),
(367, 'Con tutto l\'amore che posso', '4:20', 12),
(368, 'Quei due', '5:35', 12),
(369, 'Un mondo a forma di te', '3:55', 12),
(370, 'E adesso la pubblicità', '4:45', 12),
(371, 'Notti', '3:25', 12),
(372, 'Cuore di aliante', '5:30', 12),
(373, 'Mille giorni di te e di me', '4:50', 12),
(374, 'Via', '5:15', 12),
(375, 'Sono io', '4:10', 13),
(376, 'Tutto in un abbraccio', '5:20', 13),
(377, 'Grand\'uomo', '3:45', 13),
(378, 'Mai più come te', '4:30', 13),
(379, 'Sulla via di casa mia', '4:15', 13),
(380, 'Patapàn', '3:55', 13),
(381, 'Quei due', '4:45', 13),
(382, 'Serenata in Sol', '3:30', 13),
(383, 'Tienimi con te', '5:00', 13),
(384, 'Fianco a fianco', '4:10', 13),
(385, 'Requiem', '4:55', 13),
(386, 'Di là dal ponte', '4:20', 13),
(387, 'Per incanto e per amore', '5:15', 13),
(388, 'Acqua dalla Luna', '3:45', 14),
(389, 'Tamburi lontani', '4:20', 14),
(390, 'Fotografie', '3:15', 14),
(391, 'Amori in corso', '3:50', 14),
(392, 'Quante volte', '4:05', 14),
(393, 'Fammi andar via', '3:30', 14),
(394, 'Opere e omissioni', '4:10', 14),
(395, 'Il sole e la Luna', '3:55', 14),
(396, 'Solo', '3:25', 14),
(397, 'Mille giorni di te e di me', '4:30', 14),
(398, 'Stelle di stelle', '3:40', 14),
(399, 'Pace', '4:00', 14),
(400, 'Notte di note note di notte', '4:10', 15),
(401, 'Io dal mare', '3:55', 15),
(402, 'Acqua dalla luna', '4:30', 15),
(403, 'Poster', '3:45', 15),
(404, 'Ragazze dell\'est', '4:20', 15),
(405, 'La piana dei cavalli bradi', '4:05', 15),
(406, 'Io, lui e la cana femmina', '3:50', 15),
(407, 'Stai su', '4:15', 15),
(408, 'Reginella', '3:40', 15),
(409, 'Un mondo a forma di te', '4:00', 15),
(410, 'Noi no', '3:55', 15),
(411, 'Tamburi lontani', '4:10', 15),
(412, 'Fotografie', '3:30', 15),
(413, 'Fammi andar via', '4:25', 15),
(414, 'E adesso la pubblicità', '3:55', 15),
(415, 'Quante volte', '4:10', 15),
(416, 'Bolero', '4:20', 15),
(417, 'Domani mai', '3:45', 15),
(418, 'Avrai', '4:00', 15),
(419, 'A domani', '4:15', 15),
(420, 'Cuore di aliante', '3:50', 15),
(421, 'Mille giorni di te e di me', '4:30', 15),
(422, 'Io sono qui', '3:35', 15),
(423, 'Via', '4:05', 15),
(424, 'Hangar', '5:29', 16),
(425, 'Un mondo a forma di te', '5:58', 16),
(426, 'Si io sarò', '5:27', 16),
(427, 'Stai su', '4:43', 16),
(428, 'Caravan', '5:53', 16),
(429, 'Mal d\'universo', '6:17', 16),
(430, 'Chi c\'è in ascolto', '5:08', 16),
(431, 'Opere e omissioni', '5:10', 16),
(432, 'Quanto tempo ho', '4:57', 16),
(433, 'A domani', '3:59', 16),
(434, 'Cuore di aliante', '5:22', 16),
(435, 'A Cla', '5:59', 16),
(436, 'Signora Lia', '3:25', 17),
(437, 'E tu come stai?', '2:45', 17),
(438, 'Io me ne andrei', '4:10', 17),
(439, 'Con tutto l\'amore che posso', '4:30', 17),
(440, 'Ninna nanna nanna ninna', '1:34', 17),
(441, 'Un po\' di più', '3:15', 17),
(442, 'Medley: Ragazza di campagna - W l\'Inghilterra - Chissà se mi pensi - Giorni di neve - Con te - Porta Portese', '5:00', 17),
(443, 'Strada facendo', '4:45', 17),
(444, 'Amori in corso', '3:55', 17),
(445, 'Uomini persi', '4:12', 17),
(446, 'Le ragazze dell\'Est', '5:00', 17),
(447, 'I vecchi', '4:45', 17),
(448, 'Tutto il calcio minuto per minuto', '4:00', 17),
(449, 'Amore bello', '4:20', 17),
(450, 'E tu', '4:00', 17),
(451, 'E adesso la pubblicità', '1:34', 17),
(452, 'Naso di falco', '4:50', 17),
(453, 'Io dal mare', '3:40', 17),
(454, 'Un nuovo giorno o un giorno nuovo', '4:20', 17),
(455, 'Fotografie', '5:00', 17),
(456, 'Vivi', '4:15', 17),
(457, 'Noi no', '4:05', 17),
(458, 'Io sono qui', '5:00', 17),
(459, 'Le vie dei colori', '3:20', 17),
(460, 'Quante volte', '3:15', 17),
(461, 'Fammi andar via', '4:45', 17),
(462, 'Quanto ti voglio', '3:50', 17),
(463, 'Bolero', '3:40', 17),
(464, 'Questo piccolo grande amore', '4:10', 17),
(465, 'Da me a te', '4:30', 17),
(466, 'Acqua dalla luna', '4:55', 17),
(467, 'Dagli il via', '4:20', 17),
(468, 'Avrai', '5:00', 17),
(469, 'Domani mai', '4:25', 17),
(470, 'Gagarin', '4:15', 17),
(471, 'Tamburi lontani', '4:35', 17),
(472, 'Notte di note, note di notte', '3:55', 17),
(473, 'Poster', '4:00', 17),
(474, 'La vita è adesso', '4:50', 17),
(475, 'Medley: Solo - Sabato pomeriggio', '4:35', 17),
(476, 'Mille giorni di te e di me', '4:40', 17),
(477, 'Via', '4:25', 17),
(478, 'Arrivederci o addio', '3:52', 17),
(479, 'Inno', '2:30', 18),
(480, 'Canzone - Da me a te', '3:10', 18),
(481, 'Pastorale', '4:20', 18),
(482, 'Etnica', '3:45', 18),
(483, 'Corale - Ale-o (1981-1998)', '5:15', 18),
(484, 'Strumentale', '3:55', 18),
(485, 'Metallica', '4:30', 18),
(486, 'Ballata - Un azzurro lungo un sogno', '4:10', 18),
(487, 'Sinfonica', '6:20', 18),
(488, 'Parlato - Prima del calcio di rigore', '2:45', 18),
(489, 'Canto', '3:35', 18),
(490, 'Marcia', '4:50', 18),
(491, 'Ma che musica maestro', '3:11', 19),
(492, 'Anima mia', '5:12', 19),
(493, 'Orzowei', '3:28', 19),
(494, 'E, la vita la vita', '4:30', 19),
(495, 'Heidi', '5:26', 19),
(496, 'Chissà se va', '2:48', 19),
(497, 'Donna Felicità', '3:09', 19),
(498, 'O-Ba-Ba-Luu-Ba', '2:52', 19),
(499, 'Pippi Calzelunghe', '3:31', 19),
(500, 'El pueblo unido', '4:14', 19),
(501, 'Felicità ta-ta', '3:00', 19),
(502, 'Buonasera dottore', '3:34', 19),
(503, 'Figli delle stelle', '4:25', 19),
(504, 'Sandokan', '3:29', 19),
(505, 'Inizio', '0:52', 20),
(506, 'Io sono qui', '5:13', 20),
(507, 'Primo tempo', '1:17', 20),
(508, 'Le vie dei colori', '6:11', 20),
(509, 'Reginella', '5:49', 20),
(510, 'Secondo tempo', '1:20', 20),
(511, 'Nudo di donna', '4:58', 20),
(512, 'V.O.T.', '4:55', 20),
(513, 'Acqua nell\'acqua', '5:14', 20),
(514, 'Intervallo', '0:41', 20),
(515, 'Terzo tempo', '1:18', 20),
(516, 'Bolero', '5:52', 20),
(517, 'Fammi andar via', '6:58', 20),
(518, 'Quarto tempo', '1:19', 20),
(519, 'Male di me', '5:19', 20),
(520, 'L\'ultimo omino', '5:34', 20),
(521, 'Titoli di coda', '6:00', 20),
(522, 'Fine (tra le ultime parole d\'addio e quando va la musica)', '4:20', 20),
(523, 'Un nuovo giorno o un giorno nuovo', '5:55', 21),
(524, 'Io dal mare', '5:00', 21),
(525, 'Ragazze dell\'est', '5:10', 21),
(526, 'Dagli il via', '5:49', 21),
(527, 'I vecchi', '5:00', 21),
(528, 'Naso di falco', '5:51', 21),
(529, 'Poster', '4:58', 21),
(530, 'Questo piccolo grande amore', '5:33', 21),
(531, 'Fotografie', '6:22', 21),
(532, 'Domani mai', '5:15', 21),
(533, 'Avrai', '5:50', 21),
(534, 'Canzoniere (medley)', '15:52', 21),
(535, 'AncorAssieme (saluti e ringraziamenti)', '1:51', 21),
(536, 'Notte di note note di notte', '6:15', 22),
(537, 'Vivi', '4:21', 22),
(538, 'E tu come stai?', '5:32', 22),
(539, 'Io me ne andrei', '5:06', 22),
(540, 'Uomini persi', '5:12', 22),
(541, 'Via', '5:15', 22),
(542, 'E tu...', '4:44', 22),
(543, 'Noi no', '5:14', 22),
(544, 'Acqua dalla luna', '4:31', 22),
(545, 'Ninna nanna nanna ninna', '5:20', 22),
(546, 'E adesso la pubblicità', '4:50', 22),
(547, 'Strada facendo', '5:10', 22),
(548, 'Mille giorni di te e di me', '5:06', 22),
(549, 'La vita è adesso', '5:26', 22),
(550, 'Dagli il via', '5:46', 23),
(551, 'Io dal mare (feat. Pino Daniele)', '5:28', 23),
(552, 'Naso di falco', '5:16', 23),
(553, 'Io lui e la cana femmina (feat. Richard Galliano)', '4:16', 23),
(554, 'Stelle di stelle (feat. Mia Martini)', '3:23', 23),
(555, 'Vivi', '4:21', 23),
(556, 'Le donne sono', '5:40', 23),
(557, 'Domani mai (feat. Paco de Lucía)', '5:09', 23),
(558, 'Acqua dalla luna', '4:31', 23),
(559, 'Tamburi lontani', '5:49', 23),
(560, 'Noi no', '5:14', 23),
(561, 'Signora delle ore scure', '4:50', 23),
(562, 'Navigando (feat. Richard Galliano)', '4:03', 23),
(563, 'Le mani e l\'anima (feat. Youssou N\'Dour)', '5:22', 23),
(564, 'Mille giorni di te e di me', '5:38', 23),
(565, 'Dov\'è dov\'è (feat. Oreste Lionello)', '4:55', 23),
(566, 'Tieniamente', '3:44', 23),
(567, 'Qui Dio non c\'è (feat. Didier Lockwood)', '5:38', 23),
(568, 'La piana dei cavalli bradi', '4:56', 23),
(569, 'Pace', '5:41', 23),
(570, 'Introduzione', '2:30', 24),
(571, 'Strada facendo', '4:45', 24),
(572, 'Fotografie', '3:20', 24),
(573, 'Medley all\'organo: Ninna nanna nanna ninna - Gagarin - Via', '7:10', 24),
(574, 'Ragazze dell\'est', '4:15', 24),
(575, 'Uomini persi', '4:00', 24),
(576, 'Medley al piano elettrico: Notte di Natale - Giorni di neve - Ragazza di campagna - Un po\' di più - Chissà se mi pensi - Puoi?', '6:30', 24),
(577, 'Amori in corso', '3:45', 24),
(578, 'Poster', '3:55', 24),
(579, 'Quanto ti voglio', '4:30', 24),
(580, 'E adesso la pubblicità', '2:50', 24),
(581, 'Avrai', '4:40', 24),
(582, 'Medley alla chitarra elettrica: Ancora la pioggia cadrà - Quante volte - Io me ne andrei - Ora che ho te', '8:20', 24),
(583, 'Amore bello', '3:10', 24),
(584, 'Medley al pianoforte: Con tutto l\'amore che posso - Sabato pomeriggio - E tu come stai? - Solo', '6:25', 24),
(585, 'E tu', '3:35', 24),
(586, 'Notte di note, note di notte', '5:55', 24),
(587, 'I vecchi', '4:15', 24),
(588, 'Questo piccolo grande amore', '4:50', 24),
(589, 'Tutto il calcio minuto per minuto', '3:30', 24),
(590, 'La vita è adesso', '4:25', 24),
(591, 'Finale', '2:00', 24),
(592, 'Il sogno è sempre', '3:10', 24),
(593, 'Un nuovo giorno o un giorno nuovo', '4:26', 25),
(594, 'L\'amico e domani', '3:45', 25),
(595, 'Uomini persi', '5:14', 25),
(596, 'La vita è adesso', '5:29', 25),
(597, 'Tutto il calcio minuto per minuto', '7:22', 25),
(598, 'Andiamo a casa', '5:04', 25),
(599, 'Amori in corso', '5:33', 25),
(600, 'E adesso la pubblicità', '4:55', 25),
(601, 'Un treno per dove', '4:21', 25),
(602, 'Notte di note, note di notte', '6:18', 25),
(603, 'Via', '3:30', 26),
(604, 'I vecchi', '4:15', 26),
(605, 'Notti', '2:45', 26),
(606, 'Ragazze dell\'Est', '5:00', 26),
(607, 'Strada facendo', '4:10', 26),
(608, 'Fotografie', '3:55', 26),
(609, 'Ora che ho te', '3:20', 26),
(610, 'Buona fortuna', '4:45', 26),
(611, 'Con te', '3:50', 27),
(612, 'Signori si chiude', '3:40', 27),
(613, 'Ti amo ancora', '4:00', 27),
(614, 'Giorni di neve', '3:16', 27),
(615, 'Loro sono là', '4:14', 27),
(616, 'E tu come stai?', '5:30', 27),
(617, 'Un po\' di più', '4:30', 27),
(618, 'Quando è così', '3:57', 27),
(619, 'Ancora la pioggia cadrà', '6:08', 27),
(620, 'Gagarin', '5:28', 28),
(621, 'Duecento lire di castagne', '3:54', 28),
(622, 'Solo', '5:04', 28),
(623, 'Romano male malissimo', '3:11', 28),
(624, 'Gesù caro fratello', '4:38', 28),
(625, 'Nel sole nel sale nel sud', '5:23', 28),
(626, 'Strip-tease', '3:49', 28),
(627, 'Il pivot', '4:04', 28),
(628, 'Quante volte', '5:29', 28),
(629, 'Puoi', '3:27', 28),
(630, 'Aspettare...', '2:27', 29),
(631, 'Carillon', '4:12', 29),
(632, 'Alzati Giuseppe', '4:58', 29),
(633, 'Poster', '5:32', 29),
(634, 'Tutto qua!', '1:54', 29),
(635, 'Doremifasol', '3:05', 29),
(636, 'Lampada Osram', '4:30', 29),
(637, '2 1 X', '2:57', 29),
(638, 'Sisto V', '3:55', 29),
(639, 'Il lago di Misurina', '3:28', 29),
(640, '...Ed aspettare', '2:22', 29),
(641, 'Sabato pomeriggio', '5:01', 29),
(642, 'E tu...', '5:04', 30),
(643, 'Oh Merilù', '4:07', 30),
(644, 'E me lo chiami amore', '5:18', 30),
(645, 'Ad Agordo è così', '3:49', 30),
(646, 'Ninna nanna nanna ninna', '5:02', 30),
(647, 'Chissà se mi pensi', '4:02', 30),
(648, 'A modo mio', '3:53', 30),
(649, 'Il mattino si è svegliato', '3:38', 30),
(650, 'Quanta strada da fare', '5:01', 30),
(651, 'Canto', '2:57', 30),
(652, 'Gira che ti rigira', '4:15', 31),
(653, 'Amore bello', '4:25', 31),
(654, 'Ragazza di campagna', '3:55', 31),
(655, 'W l\'Inghilterra', '3:34', 31),
(656, 'Miramare', '4:53', 31),
(657, 'Io me ne andrei', '5:12', 31),
(658, 'Casa in costruzione', '3:17', 31),
(659, '70,80,90,100', '2:09', 31),
(660, 'Ed apri quella porta', '4:40', 31),
(661, 'Lettera', '3:54', 31),
(662, 'Piazza del Popolo', '1:59', 32),
(663, 'Una faccia pulita', '3:17', 32),
(664, 'Battibecco', '4:01', 32),
(665, 'Con tutto l\'amore che posso', '3:34', 32),
(666, 'Che begli amici!...', '4:20', 32),
(667, 'Mia libertà', '3:51', 32),
(668, 'La prima volta', '5:14', 32),
(669, 'Quel giorno', '3:22', 32),
(670, 'Io ti prendo come mia sposa', '1:48', 32),
(671, 'Cartolina rosa', '3:10', 32),
(672, 'Questo piccolo grande amore', '5:38', 32),
(673, 'Porta Portese', '5:13', 32),
(674, 'Quanto ti voglio', '3:10', 32),
(675, 'Sembra il primo giorno', '3:13', 32),
(676, 'Con tutto l\'amore che posso (orchestrale)', '1:48', 32),
(677, 'Io, una ragazza e la gente', '4:37', 33),
(678, 'Cincinnato', '3:45', 33),
(679, 'Notte di Natale', '2:55', 33),
(680, 'Se... casomai...', '4:52', 33),
(681, 'Isolina', '3:25', 33),
(682, 'I silenzi del tuo amore', '3:50', 33),
(683, 'E ci sei tu', '4:33', 33),
(684, 'Lacrime di Marzo', '2:35', 33),
(685, 'Vecchio Samuel', '4:18', 33),
(686, 'Interludio', '3:04', 33),
(687, 'Signora Lia', '3:00', 33),
(688, 'Il sole e la luna', '4:57', 33),
(689, 'Notte di Natale', '2:54', 34),
(690, 'Quando tu mi baci', '1:43', 34),
(691, 'Lacrime di marzo', '2:32', 34),
(692, 'Isolina', '3:16', 34),
(693, 'Una favola blu', '2:56', 34),
(694, 'Il sole e la luna', '6:33', 34),
(695, 'I silenzi del tuo amore', '3:47', 34),
(696, 'Mia cara esmeralda', '2:27', 34),
(697, 'Interludio', '3:02', 34),
(698, 'L\'Africa ti chiama', '4:04', 34),
(699, '\'Izia', '2:46', 34),
(700, 'Signora Lia', '3:02', 34);

-- --------------------------------------------------------

--
-- Struttura della tabella `ordine`
--

CREATE TABLE `ordine` (
  `id` int(11) NOT NULL,
  `data` datetime NOT NULL,
  `importo` double(10,2) NOT NULL,
  `fk_id_cliente` int(11) NOT NULL
) ENGINE=InnoDB DEFAULT CHARSET=utf8mb4 COLLATE=utf8mb4_general_ci;

--
-- Dump dei dati per la tabella `ordine`
--

INSERT INTO `ordine` (`id`, `data`, `importo`, `fk_id_cliente`) VALUES
(1, '2024-02-07 15:12:08', 19.99, 1),
(2, '2024-02-07 15:24:19', 29.99, 1),
(3, '2024-02-07 15:28:32', 29.99, 1),
(4, '2024-02-08 10:18:15', 49.98, 1),
(5, '2024-02-08 10:26:21', 19.99, 1),
(6, '2024-02-08 10:31:12', 19.99, 1),
(7, '2024-02-08 10:32:33', 22.99, 1),
(8, '2024-02-08 10:32:58', 21.99, 1),
(9, '2024-02-08 10:52:20', 44.98, 1),
(10, '2024-02-08 10:53:11', 19.99, 1),
(11, '2024-02-08 10:55:39', 22.99, 1),
(12, '2024-02-08 11:00:06', 19.99, 1),
(13, '2024-02-12 09:59:24', 29.99, 4),
(14, '2024-02-12 09:59:38', 42.98, 4),
(15, '2024-02-12 12:55:44', 29.99, 1),
(16, '2024-02-12 12:59:21', 29.99, 1),
(17, '2024-02-12 12:59:44', 24.99, 1),
(18, '2024-02-12 14:10:38', 29.99, 10);

-- --------------------------------------------------------

--
-- Struttura della tabella `ordine_catalogo`
--

CREATE TABLE `ordine_catalogo` (
  `fk_id_ordine` int(11) NOT NULL,
  `fk_id_album` int(11) NOT NULL
) ENGINE=InnoDB DEFAULT CHARSET=utf8mb4 COLLATE=utf8mb4_general_ci;

--
-- Dump dei dati per la tabella `ordine_catalogo`
--

INSERT INTO `ordine_catalogo` (`fk_id_ordine`, `fk_id_album`) VALUES
(1, 3),
(2, 1),
(3, 1),
(4, 1),
(4, 3),
(5, 3),
(6, 3),
(7, 4),
(8, 7),
(9, 3),
(9, 18),
(10, 3),
(11, 4),
(12, 3),
(13, 1),
(14, 3),
(14, 4),
(15, 1),
(16, 1),
(17, 32),
(18, 1);

--
-- Indici per le tabelle scaricate
--

--
-- Indici per le tabelle `album`
--
ALTER TABLE `album`
  ADD PRIMARY KEY (`id`);

--
-- Indici per le tabelle `cliente`
--
ALTER TABLE `cliente`
  ADD PRIMARY KEY (`id`);

--
-- Indici per le tabelle `dettaglio`
--
ALTER TABLE `dettaglio`
  ADD PRIMARY KEY (`id`),
  ADD KEY `fk_id_catalogo` (`fk_id_album`);

--
-- Indici per le tabelle `ordine`
--
ALTER TABLE `ordine`
  ADD PRIMARY KEY (`id`),
  ADD KEY `cliente` (`fk_id_cliente`);

--
-- Indici per le tabelle `ordine_catalogo`
--
ALTER TABLE `ordine_catalogo`
  ADD KEY `ordine` (`fk_id_ordine`),
  ADD KEY `catalogo` (`fk_id_album`);

--
-- AUTO_INCREMENT per le tabelle scaricate
--

--
-- AUTO_INCREMENT per la tabella `album`
--
ALTER TABLE `album`
  MODIFY `id` int(11) NOT NULL AUTO_INCREMENT, AUTO_INCREMENT=35;

--
-- AUTO_INCREMENT per la tabella `cliente`
--
ALTER TABLE `cliente`
  MODIFY `id` int(11) NOT NULL AUTO_INCREMENT, AUTO_INCREMENT=12;

--
-- AUTO_INCREMENT per la tabella `dettaglio`
--
ALTER TABLE `dettaglio`
  MODIFY `id` int(11) NOT NULL AUTO_INCREMENT, AUTO_INCREMENT=4903;

--
-- AUTO_INCREMENT per la tabella `ordine`
--
ALTER TABLE `ordine`
  MODIFY `id` int(11) NOT NULL AUTO_INCREMENT, AUTO_INCREMENT=19;

--
-- Limiti per le tabelle scaricate
--

--
-- Limiti per la tabella `dettaglio`
--
ALTER TABLE `dettaglio`
  ADD CONSTRAINT `dettaglio_ibfk_1` FOREIGN KEY (`fk_id_album`) REFERENCES `album` (`id`);

--
-- Limiti per la tabella `ordine`
--
ALTER TABLE `ordine`
  ADD CONSTRAINT `cliente` FOREIGN KEY (`fk_id_cliente`) REFERENCES `cliente` (`id`) ON DELETE CASCADE ON UPDATE CASCADE;

--
-- Limiti per la tabella `ordine_catalogo`
--
ALTER TABLE `ordine_catalogo`
  ADD CONSTRAINT `catalogo` FOREIGN KEY (`fk_id_album`) REFERENCES `album` (`id`) ON DELETE CASCADE ON UPDATE CASCADE,
  ADD CONSTRAINT `ordine` FOREIGN KEY (`fk_id_ordine`) REFERENCES `ordine` (`id`) ON DELETE CASCADE ON UPDATE CASCADE;
COMMIT;

/*!40101 SET CHARACTER_SET_CLIENT=@OLD_CHARACTER_SET_CLIENT */;
/*!40101 SET CHARACTER_SET_RESULTS=@OLD_CHARACTER_SET_RESULTS */;
/*!40101 SET COLLATION_CONNECTION=@OLD_COLLATION_CONNECTION */;
